,fold_number,train_nmse,test_nmse,test_mae,best_feature_set,best_hyperparams,test_set,nll,,,,,,,,,
0,0,-2067.746632,-23013.38481,26.90140334,"['X', 'Y', 'FFMC', 'DMC', 'DC', 'ISI', 'temp', 'RH', 'wind', 'rain', 'day_sin', 'day_cos', 'mnth_sin', 'mnth_cos']","{'svm__regressor__C': 1000, 'svm__regressor__kernel': 'rbf'}","[0.00000e+00 0.00000e+00 0.00000e+00 0.00000e+00 0.00000e+00 0.00000e+00
 0.00000e+00 0.00000e+00 0.00000e+00 0.00000e+00 0.00000e+00 0.00000e+00
 0.00000e+00 0.00000e+00 4.70000e-01 1.46000e+00 1.56000e+00 4.69000e+00
 6.96000e+00 1.00200e+01 1.39900e+01 1.92300e+01 2.34100e+01 3.68500e+01
 4.85500e+01 1.09084e+03 2.87000e+00 7.50000e-01 6.80000e-01 2.47700e+01
 0.00000e+00 0.00000e+00 0.00000e+00 3.78000e+00 2.18000e+00 4.42000e+00
 0.00000e+00 1.56400e+01 0.00000e+00 1.72000e+00 5.86000e+00 8.16000e+00
 0.00000e+00 0.00000e+00 1.23000e+00 6.11300e+01 7.36000e+00 0.00000e+00
 0.00000e+00 1.95000e+00 0.00000e+00 6.44000e+00]","[2.11616874e+00 2.11616874e+00 2.11616874e+00 2.11616874e+00
 2.11616874e+00 2.11616874e+00 2.11616874e+00 2.11616874e+00
 2.11616874e+00 2.11616874e+00 2.11616874e+00 2.11616874e+00
 2.11616874e+00 2.11616874e+00 2.04191509e+00 1.97329996e+00
 1.97298964e+00 2.57733727e+00 3.76016721e+00 6.34527635e+00
 1.13943179e+01 2.09898106e+01 3.10358471e+01 7.77206438e+01
 1.36226941e+02 7.20733717e+04 2.08111463e+00 2.01043397e+00
 2.01741139e+00 3.47620425e+01 2.11616874e+00 2.11616874e+00
 2.11616874e+00 2.27892836e+00 1.99817935e+00 2.47830274e+00
 2.11616874e+00 1.40560146e+01 2.11616874e+00 1.97501986e+00
 3.10881920e+00 4.63836707e+00 2.11616874e+00 2.11616874e+00
 1.97862375e+00 2.17685839e+02 4.03346416e+00 2.11616874e+00
 2.11616874e+00 1.98338653e+00 2.11616874e+00 3.43393850e+00]",,,,,,,,,
1,1,-4509.523851,-1257.216049,12.32923659,"['X', 'Y', 'FFMC', 'DMC', 'DC', 'ISI', 'day_sin', 'day_cos', 'mnth_sin', 'mnth_cos']","{'svm__regressor__C': 1000, 'svm__regressor__kernel': 'linear'}","[  0.     0.     0.     0.     0.     0.     0.     0.     0.     0.
   0.     0.     0.     0.     0.     0.     0.     0.     1.07   2.51
   2.74   4.61  10.01  13.7   32.07  58.3   95.18 212.88   2.47   1.52
   5.38  10.73   0.     0.9    0.    34.36   0.     0.     0.52   0.
   0.     3.2    6.36   0.     9.71   0.     6.84  16.4   49.59   0.
   2.17  54.29]","[1.46312891e+00 1.46312891e+00 1.46312891e+00 1.46312891e+00
 1.46312891e+00 1.46312891e+00 1.46312891e+00 1.46312891e+00
 1.46312891e+00 1.46312891e+00 1.46312891e+00 1.46312891e+00
 1.46312891e+00 1.46312891e+00 1.46312891e+00 1.46312891e+00
 1.46312891e+00 1.46312891e+00 4.02777432e-01 5.33739399e+00
 6.80160848e+00 2.56181414e+01 1.49051858e+02 2.92434996e+02
 1.71950063e+03 5.81621019e+03 1.56728603e+04 7.91526895e+04
 5.10175685e+00 1.16072966e+00 3.69440153e+01 1.73265301e+02
 1.46312891e+00 3.01952313e-01 1.46312891e+00 1.98067013e+03
 1.46312891e+00 1.46312891e+00 4.44435150e-01 1.46312891e+00
 1.46312891e+00 1.02886867e+01 5.43773004e+01 1.46312891e+00
 1.39501507e+02 1.46312891e+00 6.41495160e+01 4.27716140e+02
 4.18725974e+03 1.46312891e+00 3.51400643e+00 5.03308489e+03]",,,,,,,,,
2,2,-4625.894972,-188.7129942,5.802712462,"['X', 'Y', 'FFMC', 'DMC', 'DC', 'ISI', 'temp', 'RH', 'wind', 'rain', 'day_sin', 'day_cos', 'mnth_sin', 'mnth_cos']","{'svm__regressor__C': 1000, 'svm__regressor__kernel': 'linear'}","[ 0.    0.    0.    0.    0.    0.    0.    0.    0.    0.    0.    0.
  0.    0.    0.    0.    1.46  3.07  5.33  6.38  8.71 24.23 31.72  0.
  0.79  0.    3.09 22.03 24.24  0.    0.    3.33 11.22  0.    3.93  2.03
  1.26  0.    3.64  3.63  1.63  7.02  6.3   6.43  0.    0.    0.   82.75
  6.61 14.68  5.8   0.  ]","[1.50656191e+00 1.50656191e+00 1.50656191e+00 1.50656191e+00
 1.50656191e+00 1.50656191e+00 1.50656191e+00 1.50656191e+00
 1.50656191e+00 1.50656191e+00 1.50656191e+00 1.50656191e+00
 1.50656191e+00 1.50656191e+00 1.50656191e+00 1.50656191e+00
 8.91153716e-01 3.47893254e+00 1.28914472e+01 1.95613239e+01
 3.95666046e+01 3.55898976e+02 6.22457150e+02 1.50656191e+00
 8.23775885e-01 1.50656191e+00 3.53262277e+00 2.91692317e+02
 3.56205429e+02 1.50656191e+00 1.50656191e+00 4.21814299e+00
 6.91457030e+01 1.50656191e+00 6.26501505e+00 1.41556831e+00
 8.08920449e-01 1.50656191e+00 5.21628258e+00 5.18210196e+00
 1.00261985e+00 2.43415545e+01 1.90018603e+01 1.99152841e+01
 1.50656191e+00 1.50656191e+00 1.50656191e+00 4.41203913e+03
 2.12169005e+01 1.23570855e+02 1.56968616e+01 1.50656191e+00]",,,,,,,,,
3,3,-4349.44783,-2709.997314,16.68599501,"['X', 'Y', 'FFMC', 'DMC', 'DC', 'ISI', 'temp', 'RH', 'wind', 'rain', 'day_sin', 'day_cos', 'mnth_sin', 'mnth_cos']","{'svm__regressor__C': 1000, 'svm__regressor__kernel': 'linear'}","[0.0000e+00 0.0000e+00 0.0000e+00 0.0000e+00 0.0000e+00 0.0000e+00
 0.0000e+00 0.0000e+00 0.0000e+00 0.0000e+00 0.0000e+00 0.0000e+00
 0.0000e+00 0.0000e+00 0.0000e+00 0.0000e+00 5.5000e-01 7.7000e-01
 1.6300e+00 2.5300e+00 4.5300e+00 5.4400e+00 7.0400e+00 2.6000e+01
 6.4100e+01 1.5488e+02 1.7000e-01 9.2700e+00 1.1190e+01 0.0000e+00
 0.0000e+00 1.4290e+01 7.2100e+00 1.6400e+00 0.0000e+00 1.2640e+01
 0.0000e+00 0.0000e+00 7.7300e+00 1.2180e+01 3.0180e+01 7.8000e+00
 0.0000e+00 1.8576e+02 0.0000e+00 1.5340e+01 5.5500e+00 2.7853e+02
 0.0000e+00 2.0700e+00 2.7700e+00 0.0000e+00]","[1.65472665e+00 1.65472665e+00 1.65472665e+00 1.65472665e+00
 1.65472665e+00 1.65472665e+00 1.65472665e+00 1.65472665e+00
 1.65472665e+00 1.65472665e+00 1.65472665e+00 1.65472665e+00
 1.65472665e+00 1.65472665e+00 1.65472665e+00 1.65472665e+00
 7.59613646e-01 5.88403588e-01 9.43522726e-01 3.06218895e+00
 1.41672891e+01 2.21407599e+01 4.05893877e+01 6.89144397e+02
 4.39015059e+03 2.61123501e+04 1.30680654e+00 7.57221171e+01
 1.14759014e+02 1.65472665e+00 1.65472665e+00 1.94951025e+02
 4.28814239e+01 9.57247448e-01 1.65472665e+00 1.49629437e+02
 1.65472665e+00 1.65472665e+00 5.02880870e+01 1.38064825e+02
 9.38807957e+02 5.13306885e+01 1.65472665e+00 3.76449672e+04
 1.65472665e+00 2.26918822e+02 2.32283340e+01 8.49430097e+04
 1.65472665e+00 1.75608350e+00 3.92892633e+00 1.65472665e+00]",,,,,,,,,
4,4,-4617.166807,-250.5823544,6.321292548,"['X', 'Y', 'FFMC', 'DMC', 'DC', 'ISI', 'temp', 'RH', 'wind', 'rain', 'day_sin', 'day_cos', 'mnth_sin', 'mnth_cos']","{'svm__regressor__C': 100, 'svm__regressor__kernel': 'linear'}","[ 0.    0.    0.    0.    0.    0.    0.    0.    0.    0.    0.    0.
  0.    0.43  0.9   1.19  1.43  1.64  1.95  2.14  9.41 10.93 11.32 71.3
  0.76  0.    3.3   4.25  9.27  8.    0.    1.01  0.   28.19  5.97  5.65
  0.   39.35 24.59 70.76  0.    4.62  0.    2.44  0.    3.35  2.14  0.
  1.29  2.    0.    0.  ]","[1.50625029e+00 1.50625029e+00 1.50625029e+00 1.50625029e+00
 1.50625029e+00 1.50625029e+00 1.50625029e+00 1.50625029e+00
 1.50625029e+00 1.50625029e+00 1.50625029e+00 1.50625029e+00
 1.50625029e+00 7.82571186e-01 4.90631001e-01 5.70526921e-01
 7.86718997e-01 1.08737872e+00 1.72139446e+00 2.22206632e+00
 8.53651833e+01 1.18511765e+02 1.27895317e+02 5.84310609e+03
 5.23084873e-01 1.50625029e+00 7.12637584e+00 1.35077572e+01
 8.25863956e+01 5.94915000e+01 1.50625029e+00 4.97576193e-01
 1.50625029e+00 8.77325515e+02 3.04795568e+01 2.67934597e+01
 1.50625029e+00 1.74215634e+03 6.61037998e+02 5.75378310e+03
 1.50625029e+00 1.65693545e+01 1.50625029e+00 3.18603230e+00
 1.50625029e+00 7.40914675e+00 2.22206632e+00 1.50625029e+00
 6.44089670e-01 1.84489157e+00 1.50625029e+00 1.50625029e+00]",,,,,,,,,
5,5,-4534.6601,-1019.908151,12.44462737,"['X', 'Y', 'FFMC', 'DMC', 'DC', 'ISI', 'temp', 'RH', 'wind', 'rain', 'day_sin', 'day_cos', 'mnth_sin', 'mnth_cos']","{'svm__regressor__C': 1000, 'svm__regressor__kernel': 'linear'}","[0.0000e+00 0.0000e+00 0.0000e+00 0.0000e+00 0.0000e+00 0.0000e+00
 0.0000e+00 7.1000e-01 9.5000e-01 9.6000e-01 2.0100e+00 5.2300e+00
 6.8300e+00 1.1240e+01 1.3050e+01 3.1860e+01 3.7020e+01 1.0566e+02
 0.0000e+00 9.0000e-02 0.0000e+00 6.5700e+00 0.0000e+00 3.5200e+00
 0.0000e+00 5.1800e+00 0.0000e+00 1.5800e+00 0.0000e+00 7.4800e+00
 0.0000e+00 0.0000e+00 1.0900e+00 3.9400e+00 2.0030e+01 1.1060e+01
 1.7463e+02 2.8740e+01 0.0000e+00 6.0400e+00 3.9500e+00 0.0000e+00
 0.0000e+00 0.0000e+00 6.4300e+00 0.0000e+00 0.0000e+00 7.0320e+01
 2.6430e+01 0.0000e+00 4.3320e+01 1.0820e+01]","[1.33530471e+00 1.33530471e+00 1.33530471e+00 1.33530471e+00
 1.33530471e+00 1.33530471e+00 1.33530471e+00 6.21020270e-01
 5.98168401e-01 5.99613130e-01 1.81840524e+00 1.87383557e+01
 3.45397116e+01 1.03503167e+02 1.42601764e+02 9.20790006e+02
 1.25284823e+03 1.05267005e+04 1.33530471e+00 1.19126302e+00
 1.33530471e+00 3.16379606e+01 1.33530471e+00 7.27731199e+00
 1.33530471e+00 1.83236607e+01 1.33530471e+00 1.06367647e+00
 1.33530471e+00 4.23611932e+01 1.33530471e+00 1.33530471e+00
 6.35843969e-01 9.57285111e+00 3.52203492e+02 9.99583349e+01
 2.89446562e+04 7.44778734e+02 1.33530471e+00 2.61242841e+01
 9.63162945e+00 1.33530471e+00 1.33530471e+00 1.33530471e+00
 3.01291697e+01 1.33530471e+00 1.33530471e+00 4.62367836e+03
 6.26488662e+02 1.33530471e+00 1.72748844e+03 9.53285351e+01]",,,,,,,,,
6,6,-4609.313408,-363.5937931,8.166755349,"['X', 'Y', 'FFMC', 'DMC', 'DC', 'ISI', 'temp', 'RH', 'wind', 'rain', 'day_sin', 'day_cos', 'mnth_sin', 'mnth_cos']","{'svm__regressor__C': 10, 'svm__regressor__kernel': 'linear'}","[  0.     0.     0.     0.     0.     0.     0.     0.     0.     0.
   0.     0.     0.     0.     0.     0.     0.61   1.69   2.57   4.88
   7.19  11.06  15.45  35.88  37.71 103.39   0.    10.13  10.34   8.02
   0.     0.     1.1    0.     2.13   7.31  13.06   0.     0.    18.3
  16.33  42.87   9.96  51.78   0.     0.     0.     0.72   4.96   0.54
   0.     1.76]","[1.51633425e+00 1.51633425e+00 1.51633425e+00 1.51633425e+00
 1.51633425e+00 1.51633425e+00 1.51633425e+00 1.51633425e+00
 1.51633425e+00 1.51633425e+00 1.51633425e+00 1.51633425e+00
 1.51633425e+00 1.51633425e+00 1.51633425e+00 1.51633425e+00
 5.29656425e-01 1.27400685e+00 4.23473187e+00 2.20646079e+01
 5.44612032e+01 1.41380309e+02 2.89472447e+02 1.67077199e+03
 1.85010191e+03 1.43385215e+04 1.51633425e+00 1.16760803e+02
 1.22113670e+02 6.96587978e+01 1.51633425e+00 1.51633425e+00
 4.72772054e-01 1.51633425e+00 2.49012048e+00 5.65421545e+01
 2.02323927e+02 1.51633425e+00 1.51633425e+00 4.13778066e+02
 3.25488304e+02 2.40498405e+03 1.12515703e+02 3.53423521e+03
 1.51633425e+00 1.51633425e+00 1.51633425e+00 4.59832729e-01
 2.29430658e+01 5.91287701e-01 1.51633425e+00 1.43212800e+00]",,,,,,,,,
7,7,-3325.726986,-11995.70935,27.00370301,"['X', 'Y', 'FFMC', 'DMC', 'DC', 'ISI', 'day_sin', 'day_cos', 'mnth_sin', 'mnth_cos']","{'svm__regressor__C': 1000, 'svm__regressor__kernel': 'linear'}","[0.0000e+00 0.0000e+00 0.0000e+00 0.0000e+00 0.0000e+00 0.0000e+00
 0.0000e+00 0.0000e+00 0.0000e+00 0.0000e+00 0.0000e+00 0.0000e+00
 0.0000e+00 3.6000e-01 1.6100e+00 1.9400e+00 2.6900e+00 1.1530e+01
 1.7200e+01 2.6130e+01 2.7350e+01 2.8660e+01 2.9480e+01 4.9370e+01
 8.8490e+01 2.0094e+02 8.8500e+00 0.0000e+00 9.7700e+00 0.0000e+00
 2.6400e+00 0.0000e+00 0.0000e+00 0.0000e+00 0.0000e+00 5.6040e+01
 0.0000e+00 0.0000e+00 7.4628e+02 0.0000e+00 0.0000e+00 0.0000e+00
 3.3000e-01 9.9600e+00 0.0000e+00 0.0000e+00 3.7100e+00 3.8480e+01
 2.2100e+00 2.7500e+00 8.5900e+00]","[1.57502740e+00 1.57502740e+00 1.57502740e+00 1.57502740e+00
 1.57502740e+00 1.57502740e+00 1.57502740e+00 1.57502740e+00
 1.57502740e+00 1.57502740e+00 1.57502740e+00 1.57502740e+00
 1.57502740e+00 9.67283684e-01 9.50748212e-01 1.48881651e+00
 3.55437502e+00 1.16095936e+02 2.73871000e+02 6.57997316e+02
 7.23358479e+02 7.96989368e+02 8.44895992e+02 2.43546286e+03
 7.96541426e+03 4.15928134e+04 6.48022237e+01 1.57502740e+00
 8.07259932e+01 1.57502740e+00 3.38025920e+00 1.57502740e+00
 1.57502740e+00 1.57502740e+00 1.57502740e+00 3.15315232e+03
 1.57502740e+00 1.57502740e+00 5.77863190e+05 1.57502740e+00
 1.57502740e+00 1.57502740e+00 1.00762962e+00 8.42340056e+01
 1.57502740e+00 1.57502740e+00 8.24176578e+00 1.46264571e+03
 2.09758942e+00 3.77018026e+00 6.06212045e+01]",,,,,,,,,
8,8,-4627.304947,-98.28866867,4.234168347,"['X', 'Y', 'FFMC', 'DMC', 'DC', 'ISI', 'temp', 'RH', 'wind', 'rain', 'day_sin', 'day_cos', 'mnth_sin', 'mnth_cos']","{'svm__regressor__C': 100, 'svm__regressor__kernel': 'linear'}","[ 0.    0.    0.    0.    0.    0.    0.    0.    0.    0.    0.    0.
  0.    1.9   2.29  8.31 12.1  14.57 30.32  0.    0.    0.24  1.38  1.56
  6.54  4.4   8.98  0.    0.41  0.    0.    4.41  0.    1.47  5.83  3.71
  1.75  0.    0.    4.95  3.05  2.35  0.    0.    1.94 46.7   0.   40.54
  0.    0.    0.43]","[1.52764401e+00 1.52764401e+00 1.52764401e+00 1.52764401e+00
 1.52764401e+00 1.52764401e+00 1.52764401e+00 1.52764401e+00
 1.52764401e+00 1.52764401e+00 1.52764401e+00 1.52764401e+00
 1.52764401e+00 1.54268892e+00 2.56285537e+00 6.22549732e+01
 1.42176363e+02 2.11870965e+02 9.83080745e+02 1.52764401e+00
 1.52764401e+00 1.07583937e+00 7.21355638e-01 9.35967658e-01
 3.61375429e+01 1.40894819e+01 7.40029716e+01 1.52764401e+00
 8.35186686e-01 1.52764401e+00 1.52764401e+00 1.41682534e+01
 1.52764401e+00 8.19437223e-01 2.76662902e+01 9.20429733e+00
 1.24256147e+00 1.52764401e+00 1.52764401e+00 1.87601434e+01
 5.54619887e+00 2.75055213e+00 1.52764401e+00 1.52764401e+00
 1.63137793e+00 2.38448671e+03 1.52764401e+00 1.78576774e+03
 1.52764401e+00 1.52764401e+00 8.11202114e-01]",,,,,,,,,
9,9,-4535.38494,-920.9998717,8.915308906,"['X', 'Y', 'FFMC', 'DMC', 'DC', 'ISI', 'temp', 'RH', 'wind', 'rain', 'day_sin', 'day_cos', 'mnth_sin', 'mnth_cos']","{'svm__regressor__C': 1000, 'svm__regressor__kernel': 'linear'}","[  0.     0.     0.     0.     0.     0.     0.     0.     0.     0.
   0.     0.     1.12   1.36   1.75   2.55   3.5    7.3    7.4    8.24
   8.68  28.66 196.48   0.21   0.68   0.52  17.85  86.45   0.     0.
   6.58   2.18   6.1    8.12   2.93   0.    16.     0.     0.     0.
   0.     3.32   1.94   5.39   3.18   0.    10.08   3.19   0.    11.16
   0.  ]","[1.56323161e+00 1.56323161e+00 1.56323161e+00 1.56323161e+00
 1.56323161e+00 1.56323161e+00 1.56323161e+00 1.56323161e+00
 1.56323161e+00 1.56323161e+00 1.56323161e+00 1.56323161e+00
 1.24247248e+00 1.25919406e+00 1.35069402e+00 1.78763196e+00
 2.74175944e+00 1.12839892e+01 1.16108917e+01 1.45635999e+01
 1.62577096e+01 2.00003084e+02 9.99480009e+03 1.45305686e+00
 1.29015063e+00 1.33262216e+00 7.46364012e+01 1.90813920e+03
 1.56323161e+00 1.56323161e+00 9.08486555e+00 1.54389376e+00
 7.76958724e+00 1.41191639e+01 2.11257431e+00 1.56323161e+00
 5.93133345e+01 1.56323161e+00 1.56323161e+00 1.56323161e+00
 1.56323161e+00 2.52469014e+00 1.42412268e+00 6.04527698e+00
 2.36758768e+00 1.56323161e+00 2.23224880e+01 2.37846893e+00
 1.56323161e+00 2.77022706e+01 1.56323161e+00]",,,,,,,,,
,,,,,,,,,,,,,,,,,
,,,,,,,,,,,,,,,,,
,fold_number,train_nmse,test_nmse,test_mae,best_feature_set,best_hyperparams,test_set,nll,,,,,,,,,
,0,-2056.227031,-22959.81266,27.19647555,"['FFMC', 'DMC', 'DC', 'ISI']","{'estimator__regressor__alpha': 1e-05, 'estimator__regressor__l1_ratio': 0.001, 'estimator__regressor__penalty': None}","[0.00000e+00 0.00000e+00 0.00000e+00 0.00000e+00 0.00000e+00 0.00000e+00
 0.00000e+00 0.00000e+00 0.00000e+00 0.00000e+00 0.00000e+00 0.00000e+00
 0.00000e+00 0.00000e+00 4.70000e-01 1.46000e+00 1.56000e+00 4.69000e+00
 6.96000e+00 1.00200e+01 1.39900e+01 1.92300e+01 2.34100e+01 3.68500e+01
 4.85500e+01 1.09084e+03 2.87000e+00 7.50000e-01 6.80000e-01 2.47700e+01
 0.00000e+00 0.00000e+00 0.00000e+00 3.78000e+00 2.18000e+00 4.42000e+00
 0.00000e+00 1.56400e+01 0.00000e+00 1.72000e+00 5.86000e+00 8.16000e+00
 0.00000e+00 0.00000e+00 1.23000e+00 6.11300e+01 7.36000e+00 0.00000e+00
 0.00000e+00 1.95000e+00 0.00000e+00 6.44000e+00]","[ 2.03105404e+01  2.03105404e+01  2.03105404e+01  2.03105404e+01
  2.03105404e+01  2.03105404e+01  2.03105404e+01  2.03105404e+01
  2.03105404e+01  2.03105404e+01  2.03105404e+01  2.03105404e+01
  2.03105404e+01  2.03105404e+01  1.21531739e+01  1.70167802e+00
  1.15357033e+00  3.10783036e+01  1.09864835e+02  2.92023108e+02
  6.58321720e+02  1.36654146e+03  2.11486247e+03  5.62375401e+03
  1.00481322e+04  5.52005984e+06  2.57506678e+00  8.27140927e+00
  9.17339443e+00  2.39342207e+03  2.03105404e+01  2.03105404e+01
  2.03105404e+01  1.29703300e+01 -1.65869920e-01  2.49009008e+01
  2.03105404e+01  8.53744865e+02  2.03105404e+01  4.70323891e-01
  6.56929461e+01  1.70905315e+02  2.03105404e+01  2.03105404e+01
  3.31578222e+00  1.62276902e+04  1.28721463e+02  2.03105404e+01
  2.03105404e+01 -9.41215094e-02  2.03105404e+01  8.75790659e+01]",,,,,,,,,
,1,-4486.312551,-1235.384531,12.43504256,"['X', 'Y', 'FFMC', 'DMC', 'DC', 'ISI', 'temp', 'RH', 'wind', 'rain', 'day_sin', 'day_cos', 'mnth_sin', 'mnth_cos']","{'estimator__regressor__alpha': 1e-05, 'estimator__regressor__l1_ratio': 0.001, 'estimator__regressor__penalty': None}","[  0.     0.     0.     0.     0.     0.     0.     0.     0.     0.
   0.     0.     0.     0.     0.     0.     0.     0.     1.07   2.51
   2.74   4.61  10.01  13.7   32.07  58.3   95.18 212.88   2.47   1.52
   5.38  10.73   0.     0.9    0.    34.36   0.     0.     0.52   0.
   0.     3.2    6.36   0.     9.71   0.     6.84  16.4   49.59   0.
   2.17  54.29]","[1.96178359e+01 1.96178359e+01 1.96178359e+01 1.96178359e+01
 1.96178359e+01 1.96178359e+01 1.96178359e+01 1.96178359e+01
 1.96178359e+01 1.96178359e+01 1.96178359e+01 1.96178359e+01
 1.96178359e+01 1.96178359e+01 1.96178359e+01 1.96178359e+01
 1.96178359e+01 1.96178359e+01 2.80514793e+00 3.06029202e+00
 5.53265366e+00 5.04945607e+01 4.28860436e+02 8.99754339e+02
 5.80946847e+03 2.02258917e+04 5.52303324e+04 2.82125199e+05
 2.69868729e+00 6.45680020e-02 8.18772684e+01 5.07204673e+02
 1.96178359e+01 4.50773050e+00 1.96178359e+01 6.72102507e+03
 1.96178359e+01 1.96178359e+01 9.63661284e+00 1.96178359e+01
 1.96178359e+01 1.24867309e+01 1.32675991e+02 1.96178359e+01
 3.98154188e+02 1.96178359e+01 1.61993531e+02 1.35353386e+03
 1.44726830e+04 1.96178359e+01 6.32379949e-01 1.74578558e+04]",,,,,,,,,
,2,-4604.171811,-179.3997996,5.784525013,"['temp', 'RH', 'wind', 'rain']","{'estimator__regressor__alpha': 1e-05, 'estimator__regressor__l1_ratio': 0.001, 'estimator__regressor__penalty': None}","[ 0.    0.    0.    0.    0.    0.    0.    0.    0.    0.    0.    0.
  0.    0.    0.    0.    1.46  3.07  5.33  6.38  8.71 24.23 31.72  0.
  0.79  0.    3.09 22.03 24.24  0.    0.    3.33 11.22  0.    3.93  2.03
  1.26  0.    3.64  3.63  1.63  7.02  6.3   6.43  0.    0.    0.   82.75
  6.61 14.68  5.8   0.  ]","[ 3.17665807e+01  3.17665807e+01  3.17665807e+01  3.17665807e+01
  3.17665807e+01  3.17665807e+01  3.17665807e+01  3.17665807e+01
  3.17665807e+01  3.17665807e+01  3.17665807e+01  3.17665807e+01
  3.17665807e+01  3.17665807e+01  3.17665807e+01  3.17665807e+01
  2.93914536e+00  5.43035687e+00  6.95870915e+01  1.23498947e+02
  2.97752194e+02  3.37981413e+03  6.06253435e+03  3.17665807e+01
  1.24971844e+01  3.17665807e+01  5.68740271e+00  2.73968439e+03
  3.38287708e+03  3.17665807e+01  3.17665807e+01  9.20473135e+00
  5.69722966e+02  3.17665807e+01  2.14935729e+01 -2.90270157e-01
  5.14034914e+00  3.17665807e+01  1.49304597e+01  1.47249521e+01
  1.50436858e+00  1.63861003e+02  1.18853178e+02  1.26447634e+02
  3.17665807e+01  3.17665807e+01  3.17665807e+01  4.50516127e+04
  1.37350038e+02  1.08789310e+03  9.18284324e+01  3.17665807e+01]",,,,,,,,,
,3,-4326.180351,-2687.344436,16.807853,"['FFMC', 'DMC', 'DC', 'ISI']","{'estimator__regressor__alpha': 1e-05, 'estimator__regressor__l1_ratio': 0.001, 'estimator__regressor__penalty': None}","[0.0000e+00 0.0000e+00 0.0000e+00 0.0000e+00 0.0000e+00 0.0000e+00
 0.0000e+00 0.0000e+00 0.0000e+00 0.0000e+00 0.0000e+00 0.0000e+00
 0.0000e+00 0.0000e+00 0.0000e+00 0.0000e+00 5.5000e-01 7.7000e-01
 1.6300e+00 2.5300e+00 4.5300e+00 5.4400e+00 7.0400e+00 2.6000e+01
 6.4100e+01 1.5488e+02 1.7000e-01 9.2700e+00 1.1190e+01 0.0000e+00
 0.0000e+00 1.4290e+01 7.2100e+00 1.6400e+00 0.0000e+00 1.2640e+01
 0.0000e+00 0.0000e+00 7.7300e+00 1.2180e+01 3.0180e+01 7.8000e+00
 0.0000e+00 1.8576e+02 0.0000e+00 1.5340e+01 5.5500e+00 2.7853e+02
 0.0000e+00 2.0700e+00 2.7700e+00 0.0000e+00]","[ 2.03962542e+01  2.03962542e+01  2.03962542e+01  2.03962542e+01
  2.03962542e+01  2.03962542e+01  2.03962542e+01  2.03962542e+01
  2.03962542e+01  2.03962542e+01  2.03962542e+01  2.03962542e+01
  2.03962542e+01  2.03962542e+01  2.03962542e+01  2.03962542e+01
  1.03814687e+01  7.29618936e+00  2.83283059e-01  1.55272885e+00
  3.58948659e+01  6.59121154e+01  1.40515374e+02  3.14309806e+03
  2.09916881e+04  1.27103390e+05  1.69496947e+01  2.90910727e+02
  4.63702636e+02  2.03962542e+01  2.03962542e+01  8.27264069e+02
  1.50077265e+02  2.49019357e-01  2.03962542e+01  6.20753092e+02
  2.03962542e+01  2.03962542e+01  1.81275367e+02  5.68455235e+02
  4.33073040e+03  1.85699564e+02  2.03962542e+01  1.83616006e+05
  2.03962542e+01  9.74087465e+02  7.01503453e+01  4.15733039e+05
  2.03962542e+01 -1.96078316e-01  3.37817628e+00  2.03962542e+01]",,,,,,,,,
,4,-4596.979011,-241.2247039,6.460408146,"['temp', 'RH', 'wind', 'rain']","{'estimator__regressor__alpha': 1e-05, 'estimator__regressor__l1_ratio': 0.001, 'estimator__regressor__penalty': None}","[ 0.    0.    0.    0.    0.    0.    0.    0.    0.    0.    0.    0.
  0.    0.43  0.9   1.19  1.43  1.64  1.95  2.14  9.41 10.93 11.32 71.3
  0.76  0.    3.3   4.25  9.27  8.    0.    1.01  0.   28.19  5.97  5.65
  0.   39.35 24.59 70.76  0.    4.62  0.    2.44  0.    3.35  2.14  0.
  1.29  2.    0.    0.  ]","[ 2.52791566e+01  2.52791566e+01  2.52791566e+01  2.52791566e+01
  2.52791566e+01  2.52791566e+01  2.52791566e+01  2.52791566e+01
  2.52791566e+01  2.52791566e+01  2.52791566e+01  2.52791566e+01
  2.52791566e+01  1.58599819e+01  8.02675975e+00  4.47637660e+00
  2.27852113e+00  9.05453448e-01 -1.83159645e-01 -2.97407915e-01
  3.11011932e+02  4.53869160e+02  4.94859154e+02  2.78756105e+04
  1.00911438e+01  2.52791566e+01  8.12028768e+00  2.66816770e+01
  2.99206760e+02  2.02540102e+02  2.52791566e+01  6.56481289e+00
  2.52791566e+01  3.96278756e+03  8.70185294e+01  7.31853963e+01
  2.52791566e+01  8.07772410e+03  2.94467723e+03  2.74422711e+04
  2.52791566e+01  3.67536781e+01  2.52791566e+01  3.77842523e-01
  2.52791566e+01  8.83527155e+00 -2.97407915e-01  2.52791566e+01
  3.47911373e+00 -2.53969857e-01  2.52791566e+01  2.52791566e+01]",,,,,,,,,
,5,-4515.690756,-987.6358185,12.31358927,"['X', 'Y', 'FFMC', 'DMC', 'DC', 'ISI', 'temp', 'RH', 'wind', 'rain', 'day_sin', 'day_cos', 'mnth_sin', 'mnth_cos']","{'estimator__regressor__alpha': 1e-05, 'estimator__regressor__l1_ratio': 0.001, 'estimator__regressor__penalty': None}","[0.0000e+00 0.0000e+00 0.0000e+00 0.0000e+00 0.0000e+00 0.0000e+00
 0.0000e+00 7.1000e-01 9.5000e-01 9.6000e-01 2.0100e+00 5.2300e+00
 6.8300e+00 1.1240e+01 1.3050e+01 3.1860e+01 3.7020e+01 1.0566e+02
 0.0000e+00 9.0000e-02 0.0000e+00 6.5700e+00 0.0000e+00 3.5200e+00
 0.0000e+00 5.1800e+00 0.0000e+00 1.5800e+00 0.0000e+00 7.4800e+00
 0.0000e+00 0.0000e+00 1.0900e+00 3.9400e+00 2.0030e+01 1.1060e+01
 1.7463e+02 2.8740e+01 0.0000e+00 6.0400e+00 3.9500e+00 0.0000e+00
 0.0000e+00 0.0000e+00 6.4300e+00 0.0000e+00 0.0000e+00 7.0320e+01
 2.6430e+01 0.0000e+00 4.3320e+01 1.0820e+01]","[ 1.30030792e+01  1.30030792e+01  1.30030792e+01  1.30030792e+01
  1.30030792e+01  1.30030792e+01  1.30030792e+01  5.49890485e+00
  3.68132145e+00  3.61347301e+00 -5.68278945e-04  3.22775717e+01
  7.26375748e+01  2.67465268e+02  3.82933316e+02  2.80610093e+03
  3.86089299e+03  3.38674599e+04  1.30030792e+01  1.18758705e+01
  1.30030792e+01  6.49803324e+01  1.30030792e+01  6.99295935e+00
  1.30030792e+01  3.12765002e+01  1.30030792e+01  6.38696742e-01
  1.30030792e+01  9.36460822e+01  1.30030792e+01  1.30030792e+01
  2.78884022e+00  1.14945515e+01  1.02171041e+03  2.57111906e+02
  9.39497399e+04  2.24979057e+03  1.30030792e+01  5.06917838e+01
  1.16152931e+01  1.30030792e+01  1.30030792e+01  1.30030792e+01
  6.10338079e+01  1.30030792e+01  1.30030792e+01  1.47069553e+04
  1.87746449e+03  1.30030792e+01  5.37640986e+03  2.43625314e+02]",,,,,,,,,
,6,-4584.892538,-348.9593961,8.253530707,"['X', 'Y', 'FFMC', 'DMC', 'DC', 'ISI', 'temp', 'RH', 'wind', 'rain', 'day_sin', 'day_cos', 'mnth_sin', 'mnth_cos']","{'estimator__regressor__alpha': 1e-05, 'estimator__regressor__l1_ratio': 0.001, 'estimator__regressor__penalty': None}","[  0.     0.     0.     0.     0.     0.     0.     0.     0.     0.
   0.     0.     0.     0.     0.     0.     0.61   1.69   2.57   4.88
   7.19  11.06  15.45  35.88  37.71 103.39   0.    10.13  10.34   8.02
   0.     0.     1.1    0.     2.13   7.31  13.06   0.     0.    18.3
  16.33  42.87   9.96  51.78   0.     0.     0.     0.72   4.96   0.54
   0.     1.76]","[ 1.90838360e+01  1.90838360e+01  1.90838360e+01  1.90838360e+01
  1.90838360e+01  1.90838360e+01  1.90838360e+01  1.90838360e+01
  1.90838360e+01  1.90838360e+01  1.90838360e+01  1.90838360e+01
  1.90838360e+01  1.90838360e+01  1.90838360e+01  1.90838360e+01
  8.68503133e+00 -1.34388201e-02  2.07718354e+00  4.67775642e+01
  1.48268458e+02  4.45567258e+02  9.75772790e+02  6.14153216e+03
  6.82102015e+03  5.48034955e+04  1.90838360e+01  3.59573725e+02
  3.78187032e+02  1.98603385e+02  1.90838360e+01  1.90838360e+01
  3.20010089e+00  1.90838360e+01  1.65897271e-03  1.55092418e+02
  6.61682700e+02  1.90838360e+01  1.90838360e+01  1.42978441e+03
  1.10673374e+03  8.92888608e+03  3.44849570e+02  1.32357355e+04
  1.90838360e+01  1.90838360e+01  1.90838360e+01  7.23128798e+00
  4.93430715e+01  9.67718975e+00  1.90838360e+01 -1.48859867e-01]",,,,,,,,,
,7,-3306.402998,-11960.3966,27.15040656,"['FFMC', 'DMC', 'DC', 'ISI']","{'estimator__regressor__alpha': 1e-05, 'estimator__regressor__l1_ratio': 0.001, 'estimator__regressor__penalty': None}","[0.0000e+00 0.0000e+00 0.0000e+00 0.0000e+00 0.0000e+00 0.0000e+00
 0.0000e+00 0.0000e+00 0.0000e+00 0.0000e+00 0.0000e+00 0.0000e+00
 0.0000e+00 3.6000e-01 1.6100e+00 1.9400e+00 2.6900e+00 1.1530e+01
 1.7200e+01 2.6130e+01 2.7350e+01 2.8660e+01 2.9480e+01 4.9370e+01
 8.8490e+01 2.0094e+02 8.8500e+00 0.0000e+00 9.7700e+00 0.0000e+00
 2.6400e+00 0.0000e+00 0.0000e+00 0.0000e+00 0.0000e+00 5.6040e+01
 0.0000e+00 0.0000e+00 7.4628e+02 0.0000e+00 0.0000e+00 0.0000e+00
 3.3000e-01 9.9600e+00 0.0000e+00 0.0000e+00 3.7100e+00 3.8480e+01
 2.2100e+00 2.7500e+00 8.5900e+00]","[1.12847514e+01 1.12847514e+01 1.12847514e+01 1.12847514e+01
 1.12847514e+01 1.12847514e+01 1.12847514e+01 1.12847514e+01
 1.12847514e+01 1.12847514e+01 1.12847514e+01 1.12847514e+01
 1.12847514e+01 7.67362315e+00 5.69081722e-01 1.01353006e-01
 1.22547336e+00 2.43383894e+02 6.20852789e+02 1.56739282e+03
 1.73014360e+03 1.91384977e+03 2.03355754e+03 6.04946131e+03
 2.01812828e+04 1.06824920e+05 1.25392734e+02 1.12847514e+01
 1.61525042e+02 1.12847514e+01 1.05602594e+00 1.12847514e+01
 1.12847514e+01 1.12847514e+01 1.12847514e+01 7.87452182e+03
 1.12847514e+01 1.12847514e+01 1.49561772e+06 1.12847514e+01
 1.12847514e+01 1.12847514e+01 7.94781879e+00 1.69556616e+02
 1.12847514e+01 1.12847514e+01 7.62916943e+00 3.58606461e+03
 1.56093907e-01 1.44663139e+00 1.16009843e+02]",,,,,,,,,
,8,-4603.233445,-92.09863689,4.491584907,"['X', 'Y', 'FFMC', 'DMC', 'DC', 'ISI', 'temp', 'RH', 'wind', 'rain', 'day_sin', 'day_cos', 'mnth_sin', 'mnth_cos']","{'estimator__regressor__alpha': 1e-05, 'estimator__regressor__l1_ratio': 0.001, 'estimator__regressor__penalty': None}","[ 0.    0.    0.    0.    0.    0.    0.    0.    0.    0.    0.    0.
  0.    1.9   2.29  8.31 12.1  14.57 30.32  0.    0.    0.24  1.38  1.56
  6.54  4.4   8.98  0.    0.41  0.    0.    4.41  0.    1.47  5.83  3.71
  1.75  0.    0.    4.95  3.05  2.35  0.    0.    1.94 46.7   0.   40.54
  0.    0.    0.43]","[ 1.82863572e+01  1.82863572e+01  1.82863572e+01  1.82863572e+01
  1.82863572e+01  1.82863572e+01  1.82863572e+01  1.82863572e+01
  1.82863572e+01  1.82863572e+01  1.82863572e+01  1.82863572e+01
  1.82863572e+01  1.83653117e-01 -5.43929318e-02  1.46535364e+02
  3.83603827e+02  5.98315423e+02  3.08488263e+03  1.82863572e+01
  1.82863572e+01  1.44483120e+01  2.34371024e+00  1.35768257e+00
  7.41420954e+01  1.91988076e+01  1.80304452e+02  1.82863572e+01
  1.20011117e+01  1.82863572e+01  1.82863572e+01  1.93726088e+01
  1.82863572e+01  1.81915464e+00  5.19596230e+01  9.08735138e+00
  5.90626986e-01  1.82863572e+01  1.82863572e+01  2.99144032e+01
  2.88511834e+00  1.41238312e-02  1.82863572e+01  1.82863572e+01
  1.04721499e-01  7.72030746e+03  1.82863572e+01  5.73192035e+03
  1.82863572e+01  1.82863572e+01  1.17280032e+01]",,,,,,,,,
,9,-4514.474698,-915.0999163,8.853264603,"['FFMC', 'DMC', 'DC', 'ISI']","{'estimator__regressor__alpha': 1e-05, 'estimator__regressor__l1_ratio': 0.001, 'estimator__regressor__penalty': None}","[  0.     0.     0.     0.     0.     0.     0.     0.     0.     0.
   0.     0.     1.12   1.36   1.75   2.55   3.5    7.3    7.4    8.24
   8.68  28.66 196.48   0.21   0.68   0.52  17.85  86.45   0.     0.
   6.58   2.18   6.1    8.12   2.93   0.    16.     0.     0.     0.
   0.     3.32   1.94   5.39   3.18   0.    10.08   3.19   0.    11.16
   0.  ]","[ 1.21979292e+01  1.21979292e+01  1.21979292e+01  1.21979292e+01
  1.21979292e+01  1.21979292e+01  1.21979292e+01  1.21979292e+01
  1.21979292e+01  1.21979292e+01  1.21979292e+01  1.21979292e+01
  1.77336349e+00  7.34893941e-01 -5.27985527e-02  1.81790602e+00
  1.01278968e+01  1.09471891e+02  1.13514493e+02  1.50364082e+02
  1.71728840e+02  2.63605976e+03  1.38757343e+05  9.54346270e+00
  4.77297644e+00  6.21532302e+00  9.39722878e+02  2.62233297e+04
  1.21979292e+01  1.21979292e+01  8.25273611e+01  3.70037495e-01
  6.66738108e+01  1.44783434e+02  4.34865397e+00  1.21979292e+01
  7.35189556e+02  1.21979292e+01  1.21979292e+01  1.21979292e+01
  1.21979292e+01  8.04578119e+00 -3.29636761e-02  4.63180222e+01
  6.59042776e+00  1.21979292e+01  2.49141630e+02  6.68962062e+00
  1.21979292e+01  3.18669101e+02  1.21979292e+01]",,,,,,,,,
,,,,,,,,,,,,,,,,,
,,,,,,,,,,,,,,,,,
,,,,,,,,,,,,,,,,,
,fold_number,train_nmse,test_nmse,test_mae,best_feature_set,best_hyperparams,test_set,nll,,,,,,,,,
,0,-2026.785809,-23024.51028,27.70651522,"['temp', 'RH', 'wind', 'rain']","{'Random Forest__regressor__max_depth': 16, 'Random Forest__regressor__min_samples_split': 2, 'Random Forest__regressor__n_estimators': 500}","[0.00000e+00 0.00000e+00 0.00000e+00 0.00000e+00 0.00000e+00 0.00000e+00
 0.00000e+00 0.00000e+00 0.00000e+00 0.00000e+00 0.00000e+00 0.00000e+00
 0.00000e+00 0.00000e+00 4.70000e-01 1.46000e+00 1.56000e+00 4.69000e+00
 6.96000e+00 1.00200e+01 1.39900e+01 1.92300e+01 2.34100e+01 3.68500e+01
 4.85500e+01 1.09084e+03 2.87000e+00 7.50000e-01 6.80000e-01 2.47700e+01
 0.00000e+00 0.00000e+00 0.00000e+00 3.78000e+00 2.18000e+00 4.42000e+00
 0.00000e+00 1.56400e+01 0.00000e+00 1.72000e+00 5.86000e+00 8.16000e+00
 0.00000e+00 0.00000e+00 1.23000e+00 6.11300e+01 7.36000e+00 0.00000e+00
 0.00000e+00 1.95000e+00 0.00000e+00 6.44000e+00]","[2.53502158e+00 2.53502158e+00 2.53502158e+00 2.53502158e+00
 2.53502158e+00 2.53502158e+00 2.53502158e+00 2.53502158e+00
 2.53502158e+00 2.53502158e+00 2.53502158e+00 2.53502158e+00
 2.53502158e+00 2.53502158e+00 2.40645850e+00 2.20600296e+00
 2.19105995e+00 2.21539183e+00 2.82963431e+00 4.45144089e+00
 7.91388345e+00 1.48327892e+01 2.22684768e+01 5.77021883e+01
 1.02864176e+02 5.75931020e+04 2.08520472e+00 2.34008842e+00
 2.35596550e+00 2.50544424e+01 2.53502158e+00 2.53502158e+00
 2.53502158e+00 2.10999470e+00 2.12013953e+00 2.17570999e+00
 2.53502158e+00 9.80425017e+00 2.53502158e+00 2.16917580e+00
 2.46934556e+00 3.35700560e+00 2.53502158e+00 2.53502158e+00
 2.24406594e+00 1.66288825e+02 2.98985036e+00 2.53502158e+00
 2.53502158e+00 2.14208302e+00 2.53502158e+00 2.64463714e+00]",,,,,,,,,
,1,-4391.061699,-1167.98246,12.10460906,"['FFMC', 'DMC', 'DC', 'ISI']","{'Random Forest__regressor__max_depth': None, 'Random Forest__regressor__min_samples_split': 2, 'Random Forest__regressor__n_estimators': 500}","[  0.     0.     0.     0.     0.     0.     0.     0.     0.     0.
   0.     0.     0.     0.     0.     0.     0.     0.     1.07   2.51
   2.74   4.61  10.01  13.7   32.07  58.3   95.18 212.88   2.47   1.52
   5.38  10.73   0.     0.9    0.    34.36   0.     0.     0.52   0.
   0.     3.2    6.36   0.     9.71   0.     6.84  16.4   49.59   0.
   2.17  54.29]","[2.45157553e+00 2.45157553e+00 2.45157553e+00 2.45157553e+00
 2.45157553e+00 2.45157553e+00 2.45157553e+00 2.45157553e+00
 2.45157553e+00 2.45157553e+00 2.45157553e+00 2.45157553e+00
 2.45157553e+00 2.45157553e+00 2.45157553e+00 2.45157553e+00
 2.45157553e+00 2.45157553e+00 2.22470094e+00 2.09296131e+00
 2.09036654e+00 2.25786992e+00 4.62699337e+00 7.85680361e+00
 4.33981911e+01 1.50330896e+02 4.12462302e+02 2.12283385e+03
 2.09393126e+00 2.16213650e+00 2.42447015e+00 5.15450040e+00
 2.45157553e+00 2.25339838e+00 2.45157553e+00 5.01009727e+01
 2.45157553e+00 2.45157553e+00 2.32758314e+00 2.45157553e+00
 2.45157553e+00 2.10042060e+00 2.71887222e+00 2.45157553e+00
 4.42189487e+00 2.45157553e+00 2.89672612e+00 1.10486804e+01
 1.07493749e+02 2.45157553e+00 2.10610459e+00 1.29703932e+02]",,,,,,,,,
,2,-4505.089499,-173.3098865,5.591111157,"['temp', 'RH', 'wind', 'rain']","{'Random Forest__regressor__max_depth': 16, 'Random Forest__regressor__min_samples_split': 2, 'Random Forest__regressor__n_estimators': 500}","[ 0.    0.    0.    0.    0.    0.    0.    0.    0.    0.    0.    0.
  0.    0.    0.    0.    1.46  3.07  5.33  6.38  8.71 24.23 31.72  0.
  0.79  0.    3.09 22.03 24.24  0.    0.    3.33 11.22  0.    3.93  2.03
  1.26  0.    3.64  3.63  1.63  7.02  6.3   6.43  0.    0.    0.   82.75
  6.61 14.68  5.8   0.  ]","[  2.57210752   2.57210752   2.57210752   2.57210752   2.57210752
   2.57210752   2.57210752   2.57210752   2.57210752   2.57210752
   2.57210752   2.57210752   2.57210752   2.57210752   2.57210752
   2.57210752   2.0712648    1.88029976   2.25162453   2.67821773
   4.20057635  34.59323699  61.86003476   2.57210752   2.26240931
   2.57210752   1.88031073  28.14274168  34.62417304   2.57210752
   2.57210752   1.88500414   6.72864605   2.57210752   1.93358239
   1.96031965   2.12145103   2.57210752   1.9035308    1.90271385
   2.03320478   3.01730638   2.64004247   2.70255244   2.57210752
   2.57210752   2.57210752 465.94151811   2.79318395  11.72361822
   2.42264745   2.57210752]",,,,,,,,,
,3,-4226.950039,-2668.613955,17.43527705,"['temp', 'RH', 'wind', 'rain']","{'Random Forest__regressor__max_depth': 16, 'Random Forest__regressor__min_samples_split': 2, 'Random Forest__regressor__n_estimators': 500}","[0.0000e+00 0.0000e+00 0.0000e+00 0.0000e+00 0.0000e+00 0.0000e+00
 0.0000e+00 0.0000e+00 0.0000e+00 0.0000e+00 0.0000e+00 0.0000e+00
 0.0000e+00 0.0000e+00 0.0000e+00 0.0000e+00 5.5000e-01 7.7000e-01
 1.6300e+00 2.5300e+00 4.5300e+00 5.4400e+00 7.0400e+00 2.6000e+01
 6.4100e+01 1.5488e+02 1.7000e-01 9.2700e+00 1.1190e+01 0.0000e+00
 0.0000e+00 1.4290e+01 7.2100e+00 1.6400e+00 0.0000e+00 1.2640e+01
 0.0000e+00 0.0000e+00 7.7300e+00 1.2180e+01 3.0180e+01 7.8000e+00
 0.0000e+00 1.8576e+02 0.0000e+00 1.5340e+01 5.5500e+00 2.7853e+02
 0.0000e+00 2.0700e+00 2.7700e+00 0.0000e+00]","[2.60284943e+00 2.60284943e+00 2.60284943e+00 2.60284943e+00
 2.60284943e+00 2.60284943e+00 2.60284943e+00 2.60284943e+00
 2.60284943e+00 2.60284943e+00 2.60284943e+00 2.60284943e+00
 2.60284943e+00 2.60284943e+00 2.60284943e+00 2.60284943e+00
 2.45659315e+00 2.40562397e+00 2.24768514e+00 2.15284181e+00
 2.20000862e+00 2.33923223e+00 2.76261512e+00 2.51151427e+01
 1.66710967e+02 1.02438249e+03 2.55477014e+00 3.73252435e+00
 4.92194526e+00 2.60284943e+00 2.60284943e+00 7.53441662e+00
 2.82098077e+00 2.24623553e+00 2.60284943e+00 6.03751165e+00
 2.60284943e+00 2.60284943e+00 3.01546705e+00 5.66335589e+00
 3.43445054e+01 3.04348454e+00 2.60284943e+00 1.48320066e+03
 2.60284943e+00 8.61306679e+00 2.36105107e+00 3.37170997e+03
 2.60284943e+00 2.19231643e+00 2.13971743e+00 2.60284943e+00]",,,,,,,,,
,4,-4043.054159,-2860.648151,16.65695795,"['FFMC', 'DMC', 'DC', 'ISI']","{'Random Forest__regressor__max_depth': None, 'Random Forest__regressor__min_samples_split': 2, 'Random Forest__regressor__n_estimators': 500}","[ 0.    0.    0.    0.    0.    0.    0.    0.    0.    0.    0.    0.
  0.    0.43  0.9   1.19  1.43  1.64  1.95  2.14  9.41 10.93 11.32 71.3
  0.76  0.    3.3   4.25  9.27  8.    0.    1.01  0.   28.19  5.97  5.65
  0.   39.35 24.59 70.76  0.    4.62  0.    2.44  0.    3.35  2.14  0.
  1.29  2.    0.    0.  ]","[4.86786585 4.86786585 4.86786585 4.86786585 4.86786585 4.86786585
 4.86786585 4.86786585 4.86786585 4.86786585 4.86786585 4.86786585
 4.86786585 4.86571023 4.86343799 4.86207968 4.8609808  4.86003802
 4.85867828 4.85786372 4.83745381 4.83583665 4.83556947 5.5127022
 4.86410566 4.86786585 4.8532013  4.84978052 4.83764885 4.83977338
 4.86786585 4.86291884 4.86786585 4.88176705 4.84449802 4.84539195
 4.86786585 4.97437488 4.86243307 5.50023942 4.86786585 4.84854509
 4.86786585 4.85660675 4.86786585 4.85301233 4.85786372 4.86786585
 4.86161904 4.85846253 4.86786585 4.86786585]",,,,,,,,,
,5,-4400.083898,-995.4903392,12.55584005,"['FFMC', 'DMC', 'DC', 'ISI']","{'Random Forest__regressor__max_depth': None, 'Random Forest__regressor__min_samples_split': 2, 'Random Forest__regressor__n_estimators': 500}","[0.0000e+00 0.0000e+00 0.0000e+00 0.0000e+00 0.0000e+00 0.0000e+00
 0.0000e+00 7.1000e-01 9.5000e-01 9.6000e-01 2.0100e+00 5.2300e+00
 6.8300e+00 1.1240e+01 1.3050e+01 3.1860e+01 3.7020e+01 1.0566e+02
 0.0000e+00 9.0000e-02 0.0000e+00 6.5700e+00 0.0000e+00 3.5200e+00
 0.0000e+00 5.1800e+00 0.0000e+00 1.5800e+00 0.0000e+00 7.4800e+00
 0.0000e+00 0.0000e+00 1.0900e+00 3.9400e+00 2.0030e+01 1.1060e+01
 1.7463e+02 2.8740e+01 0.0000e+00 6.0400e+00 3.9500e+00 0.0000e+00
 0.0000e+00 0.0000e+00 6.4300e+00 0.0000e+00 0.0000e+00 7.0320e+01
 2.6430e+01 0.0000e+00 4.3320e+01 1.0820e+01]","[2.25147723e+00 2.25147723e+00 2.25147723e+00 2.25147723e+00
 2.25147723e+00 2.25147723e+00 2.25147723e+00 2.05449948e+00
 2.00457751e+00 2.00268013e+00 1.88479195e+00 2.52806341e+00
 3.41128822e+00 7.78257509e+00 1.03994263e+01 6.59390986e+01
 9.02136778e+01 7.83314383e+02 2.25147723e+00 2.22243040e+00
 2.25147723e+00 3.24230339e+00 2.25147723e+00 1.99775250e+00
 2.25147723e+00 2.50649167e+00 2.25147723e+00 1.91358705e+00
 2.25147723e+00 3.87697663e+00 2.25147723e+00 2.25147723e+00
 1.97934417e+00 2.08840999e+00 2.49746459e+01 7.54851271e+00
 2.17333922e+03 5.31493449e+01 2.25147723e+00 2.92843259e+00
 2.09088274e+00 2.25147723e+00 2.25147723e+00 2.25147723e+00
 3.15540400e+00 2.25147723e+00 2.25147723e+00 3.40463243e+02
 4.45966625e+01 2.25147723e+00 1.25127418e+02 7.24379592e+00]",,,,,,,,,
,6,-4475.722145,-358.4777075,9.536412561,"['FFMC', 'DMC', 'DC', 'ISI']","{'Random Forest__regressor__max_depth': None, 'Random Forest__regressor__min_samples_split': 2, 'Random Forest__regressor__n_estimators': 500}","[  0.     0.     0.     0.     0.     0.     0.     0.     0.     0.
   0.     0.     0.     0.     0.     0.     0.61   1.69   2.57   4.88
   7.19  11.06  15.45  35.88  37.71 103.39   0.    10.13  10.34   8.02
   0.     0.     1.1    0.     2.13   7.31  13.06   0.     0.    18.3
  16.33  42.87   9.96  51.78   0.     0.     0.     0.72   4.96   0.54
   0.     1.76]","[  2.52927872   2.52927872   2.52927872   2.52927872   2.52927872
   2.52927872   2.52927872   2.52927872   2.52927872   2.52927872
   2.52927872   2.52927872   2.52927872   2.52927872   2.52927872
   2.52927872   2.40841494   2.26382249   2.21158502   2.35463451
   2.90345155   4.73223099   8.18543205  43.53519594  48.25043645
 386.07097694   2.52927872   4.18879988   4.30576136   3.19973585
   2.52927872   2.52927872   2.33182094   2.52927872   2.2303429
   2.94304845   6.12370301   2.52927872   2.52927872  11.21178464
   9.0539716   62.91722482   4.09657294  93.00946778   2.52927872
   2.52927872   2.52927872   2.38963109   2.36685821   2.42084736
   2.52927872   2.25751145]",,,,,,,,,
,7,-3287.835726,-11994.92737,27.58711217,"['X', 'Y', 'FFMC', 'DMC', 'DC', 'ISI', 'day_sin', 'day_cos', 'mnth_sin', 'mnth_cos']","{'Random Forest__regressor__max_depth': None, 'Random Forest__regressor__min_samples_split': 6, 'Random Forest__regressor__n_estimators': 500}","[0.0000e+00 0.0000e+00 0.0000e+00 0.0000e+00 0.0000e+00 0.0000e+00
 0.0000e+00 0.0000e+00 0.0000e+00 0.0000e+00 0.0000e+00 0.0000e+00
 0.0000e+00 3.6000e-01 1.6100e+00 1.9400e+00 2.6900e+00 1.1530e+01
 1.7200e+01 2.6130e+01 2.7350e+01 2.8660e+01 2.9480e+01 4.9370e+01
 8.8490e+01 2.0094e+02 8.8500e+00 0.0000e+00 9.7700e+00 0.0000e+00
 2.6400e+00 0.0000e+00 0.0000e+00 0.0000e+00 0.0000e+00 5.6040e+01
 0.0000e+00 0.0000e+00 7.4628e+02 0.0000e+00 0.0000e+00 0.0000e+00
 3.3000e-01 9.9600e+00 0.0000e+00 0.0000e+00 3.7100e+00 3.8480e+01
 2.2100e+00 2.7500e+00 8.5900e+00]","[2.69327877e+00 2.69327877e+00 2.69327877e+00 2.69327877e+00
 2.69327877e+00 2.69327877e+00 2.69327877e+00 2.69327877e+00
 2.69327877e+00 2.69327877e+00 2.69327877e+00 2.69327877e+00
 2.69327877e+00 2.56822452e+00 2.23882240e+00 2.17901553e+00
 2.08527685e+00 5.39565055e+00 1.18037667e+01 2.86865487e+01
 3.16379682e+01 3.49797290e+01 3.71624838e+01 1.11561107e+02
 3.78118261e+02 2.03201329e+03 3.53225004e+00 2.69327877e+00
 4.08759448e+00 2.69327877e+00 2.08970324e+00 2.69327877e+00
 2.69327877e+00 2.69327877e+00 2.69327877e+00 1.45736777e+02
 2.69327877e+00 2.69327877e+00 2.87354126e+04 2.69327877e+00
 2.69327877e+00 2.69327877e+00 2.57813010e+00 4.21326917e+00
 2.69327877e+00 2.69327877e+00 2.05182018e+00 6.57225115e+01
 2.13851984e+00 2.08030892e+00 3.39128348e+00]",,,,,,,,,
,8,-4510.462775,-97.221477,4.427549185,"['FFMC', 'DMC', 'DC', 'ISI']","{'Random Forest__regressor__max_depth': None, 'Random Forest__regressor__min_samples_split': 2, 'Random Forest__regressor__n_estimators': 500}","[ 0.    0.    0.    0.    0.    0.    0.    0.    0.    0.    0.    0.
  0.    1.9   2.29  8.31 12.1  14.57 30.32  0.    0.    0.24  1.38  1.56
  6.54  4.4   8.98  0.    0.41  0.    0.    4.41  0.    1.47  5.83  3.71
  1.75  0.    0.    4.95  3.05  2.35  0.    0.    1.94 46.7   0.   40.54
  0.    0.    0.43]","[  2.09994223   2.09994223   2.09994223   2.09994223   2.09994223
   2.09994223   2.09994223   2.09994223   2.09994223   2.09994223
   2.09994223   2.09994223   2.09994223   1.52707678   1.54198736
   7.49702331  16.76206886  25.09418329 120.79768759   2.09994223
   2.09994223   1.96847435   1.57739913   1.55090033   4.63009911
   2.40524718   8.82477927   2.09994223   1.88569184   2.09994223
   2.09994223   2.41248365   2.09994223   1.56294802   3.74131917
   1.97758753   1.53335896   2.09994223   2.09994223   2.84731563
   1.70070898   1.54828696   2.09994223   2.09994223   1.52652905
 298.40870566   2.09994223 222.27489532   2.09994223   2.09994223
   1.87651648]",,,,,,,,,
,9,-4421.656916,-904.9607213,9.120313191,"['temp', 'RH', 'wind', 'rain']","{'Random Forest__regressor__max_depth': None, 'Random Forest__regressor__min_samples_split': 2, 'Random Forest__regressor__n_estimators': 500}","[  0.     0.     0.     0.     0.     0.     0.     0.     0.     0.
   0.     0.     1.12   1.36   1.75   2.55   3.5    7.3    7.4    8.24
   8.68  28.66 196.48   0.21   0.68   0.52  17.85  86.45   0.     0.
   6.58   2.18   6.1    8.12   2.93   0.    16.     0.     0.     0.
   0.     3.32   1.94   5.39   3.18   0.    10.08   3.19   0.    11.16
   0.  ]","[   2.61495847    2.61495847    2.61495847    2.61495847    2.61495847
    2.61495847    2.61495847    2.61495847    2.61495847    2.61495847
    2.61495847    2.61495847    2.32307068    2.27601316    2.21120481
    2.12344336    2.09812339    2.85343681    2.89182159    3.25172554
    3.46697426   32.60315509 1773.00297897    2.55116053    2.42354184
    2.46463265   12.13501271  330.16237885    2.61495847    2.61495847
    2.60508483    2.15648267    2.4668519     3.19621043    2.10303625
    2.61495847    9.74362232    2.61495847    2.61495847    2.61495847
    2.61495847    2.09634336    2.18486123    2.30247852    2.09708495
    2.61495847    4.27410501    2.09697029    2.61495847    5.02385674
    2.61495847]",,,,,,,,,
,,,,,,,,,,,,,,,,,
,rf,753.5626978," 7,048.98 ",7.761135574,,,,,,,,,,,,,
,lr0,794.101909," 7,126.49 ",7.899395175,,,,,,,,,,,,,
,svr,797.1891769," 7,139.25 ",7.853952642,,,,,,,,,,,,,
,,,,,,,,,,,,,,,,,
,,,,,,,,,,Random Forest,Linear Regression,SVM,,,,,
,,,,,,,,,outer fold mean MSE,4181.84,4160.74,4181.84,,,,,
,,,,,,#NAME?,,,outer fold SD ,7048.98,7126.49,7139.25,,,,,
,,,,,,,,,,,,,,,,,
,rf,-4424.614235,14.27216976,,,,,,,,,,,,,,
,lr0,-4160.73565,12.97466803,,,,,,,Random Forest,Linear Regression,SVM,,,,,
,svr,-4181.839336,12.88052029,,,,,,outer fold mean MSE,14.27,12.97,12.88,,,,,
,,,,,,,,,outer fold SD ,7.76,7.90,7.85,,,,,
,,,,,,,,,,,,,,,,,
,,,,,,,,,,,,,,,,,
,,,,,,,,,,,,,,,,,
,,,,,,,,,,,,,,,,,
,,,,,,,,,,,,,,,,,
,,,,,,,,,,,,,,,,,
,,,,,,,,,,,,,svr,,rf,,lr
,,,,,,106938.39,,,106938.39,106938.39,,1,1398.47535,,1117.4649,,106938.3856
,,,,,,7819.77,,,7819.77,7819.77,,2,2211.503691,,60.48797777,,7819.771352
,,,,,,1236.97,,,1236.97,1236.97,,3,124.5232142,,14.51978859,,1236.971357
,,,,,,14616.20,,,14616.20,14616.20,,4,2998.418694,,120.0764696,,14616.20097
,,,,,,1402.65,,,1402.65,1402.65,,5,298.1609159,,4.887759764,,1402.646175
,,,,,,3108.05,,,3108.05,3108.05,,6,969.7166404,,73.56754646,,3108.047517
,,,,,,1860.73,,,1860.73,1860.73,,7,496.1351326,,15.07162519,,1860.726833
,,,,,,32336.02,,,32336.02,32336.02,,8,12514.56233,,622.0292191,,32336.01651
,,,,,,364.16,,,364.16,364.16,,9,114.1933419,,15.53081905,,364.1649313
,,,,,,,,,,3354.39,,10,243.8598424,,44.68068135,,3354.394833
,,,,,,,,,,,,,,,,,
,,,,,,,,,,,,,2136.954916,,208.8316787,,17303.73261
,,,,,,,,,,,,,,,,,
,,,,,,,,,,31289.03,,,3579.789351,,350.1043028,,31289.0255
,,,,,,,,,,,,,,,,,
,,,,,,,,,,,,,,,,,
,,,,,,,,,,,,,,,,,
,,,,,,,,,,,,,,,,,
,,,,,,,,,,,,,,,,,
,,,,,,,,,,,,,,,,,
,,,,,,,,,,,,,,,,,
,,,,,,,,,,,,,,,,,
,,,,,,,,,,,,208.83,17303.73,2136.95,,,
,,,,,,,,,,,,350.10,31289.03,3579.79,,,
